Bonito y barato;Mi libreta;bonitoybarato.html;personal escrito prosa poética poesía bonito barato compras infinito catalejo tienda alma camino diamante coste memoria;Me enloquece ir de compras haste el infinito y más allá.
Buganvilla;Mi libreta;buganvilla.html;personal escrito prosa poética poesía buganvilla paso veraniego subyuga color cerebro paz cóctel aroma vacaciones gaviotas café mar encanto lupa belleza magia alma casa pétalo flor planta alegría brisa;A cada paso veraniego te encuentro con una intensidad que me subyuga.
Divina libertad;Mi libreta;divinalibertad.html;personal escrito prosa poética poesía años trabajo estudio obligación autómata feliz etapa dueña mando alegría pastelería escaparate segundo vida candado interés billete paz alma;Durante años he estado teledirigida por trabajo; estudios y obligaciones.
El cava;Me encanta;elcava.html;receta artículo alimentación bebida alcohol Navidad fiesta celebración Cataluña Rioja champán cava vino burbuja frío salmón langostinos;Tipo de vino espumoso con burbujas de gran calidad que se elabora por medio de...
Eloy Moreno;Café con;eloymoreno.html;Eloy Moreno escritor novelista lector lectura editorial novela sofá libro Facebook redes sociales red social bolígrafo gel verde bajo crisis autoeditar cama creciente soñador realista lectores marca-páginas marcapáginas Toledo español Castellón;Eloy Moreno Olaria nació en Castellón de la Plana; en 1976. Es un escritor español que se ha dado a conocer tras la publicación de su primera novela...
Franquicia de deseo;Mis rincones;franquiciadedeseo.html; personal escrito prosa poética poesía franquicia deseo cristal artista recuerdo paraíso fantasía añicos silencio diamante alegría;Franquicia de deseo hecha de cristal...
Huellas de misterio;Mis rincones;huellasdemisterio.html; personal escrito prosa poética poesía huellas misterio arco azulado ropaje recuerdo noche pared espejo caminante;Huellas de misterio húmerdo y azulado que recuerdan...
La artrosis;Aprendiendo;laartrosis.html;salud artículo artrosis medicina enfermedad cartílago erosión genética síntoma músculo muscular prevención mano dolor pulgar medicamento;La artrosis es una enfermedad degenerativa de las articulaciones...
La hora dorada;Mi libreta;lahoradorada.html;hora dorada roce encanta beso caricia sábanas telón saludo mirlo rama café miga pan bizcocho cielo espacio cama tibieza vida albor día;Me encanta como el telón de la vida abre paso al tímido sol...
La lectura: cómo contagiar ese virus tan beneficioso;Aprendiendo;lalectura.html;lectura virus contagio artículo consejo ayuda cómo lector novela estudio deberes Gianni Rodari padres hijos imposición difícil interés librería biblioteca hablar estrategia hábito ambiente casa familia televisión teléfono móvil balón libro leer lectura novela;Ves a tu hijo mirando la tele; con el ordenador; dando patadas al balón; hablando por teléfono... todo menos coger un libro y leer.
La organización a la hora de cocinar;Saborea;organizacionalahoradecocinar.html;organizacion hora cocinar cocina comer compra coste tiempo despensa menú supermercado alimentos casa guardar paquetes plástico caducidad precio alimento útil consejo artículo ayuda orden economía gastos ahorro lista oferta pescado carne fruta cajón casa alacena lata nevera frigorífico;Uno de los secretos fundamentales de la cocina es organizarse. No hace falta mucho tiempo para hacer una compra bien estudada sin perder ni un minuto; y...
La vida no merece que uno se preocupe tanto;Mi libreta;lavidanomerecequeunosepreocupetanto.html;personal escrito prosa vida preocupar preocupación ser humano alma;¿Qué hay dentro de nuestro ser que nos impulsa a preocuparnos? La preocupación es intrínseca al oxígeno que respiramos...
Lisa See;Café con;lisasee.html;escritora lectura novelista lector editorial novela libro ángeles china años Lisa See mujer mundo Shanghai abanico China New York estadounidense EEUU E.E.U.U. History Makers Award seda muñeca peonía inglés;Lisa See es una novelista de origen chino establecida en Estados Unidos y que escribe en inglés...
Mar de mi mar;Mi libreta;mardemimar.html; personal escrito prosa poética poesía mar arribar barca amor olas alegría gaviota playa ventisca oro;Arribaste tu barca en mí. Y en mi mar tu amor quedó.
Me encanta...;Mi libreta;meencanta.html; personal escrito prosa poética poesía sensación despensa ingrediente compras obligación límite necesidades comprar primera vista enamorar amanecer decidir tablet ordenador teléfono niña ojo alma ilusión vida;Me encanta la sensación de abrir la despensa y ver qué ingredientes me provocan que los transforme.
Mora;Saborea;mora.html;mora fruto botánica vitamina verano otoño fibra antioxidante batido mermelada helado alimento plato comer comestible baya vegetal árbol zarza morera Asia Europa caloría agridulce grosella potasio tanino tarta salsa rojo negro queso;Mora es el nombre que reciben diversos frutos comestibles de distintas especies botánicas...
Paseo mojado;Mis rincones;paseomojado.html;personal escrito prosa poética poesía Me encanta rumor hojas sonido ramas viento frescor bosque mojado musgo pasear paseo bruma hierba camino;Me encanta el rumor de las hojas al ser pisadas. Me encanta...
Pasión por la fruta;Saborea;pasionporlafruta.html;agua alimento fruta antioxidante beneficioso color conserva fibra frutas mineral minerales hierro hijo organismo zumos zumo vitamina artículo dieta equilibrada salud nutriente organismo hidrosoluble estreñimiento colesterol conserva postre sano;La fruta es un alimento que por su alto contenido en vitaminas; minerales y fibra ofrece beneficios indiscutibles para el buen funcionamiento del organismo.
Reloj de cuco;Me encanta;relojdecuco.html;reloj cuco cucú cucu día hora música Augsburgo sonido péndulo cuclillo gong España Alemania Suiza Selva Negra caja melodía autómata mecánico relojero tiempo minuto segundo artesanal artesano arte artista obra de arte chalet Chalet ave pájaro Jorge Seemann artículo curioso;Desde siempre me gustaron los relojes de cuco. Siendo pequeñas sentía y pensaba que el tiempo duraba más...
Sabores; olores y colores;Mi libreta;sabores.html;personal escrito prosa poética poesía sabor olor color enamorar pensar cocinar crear apetecer comensal infinidad stop noria idea infinito cerebro ingrediente;Me enamora cada día pensar qué cocinar; qué comprar y cómo crear...
Tomate;Saborea;tomate.html;artículo alimento tomate tomates cocina comer fruta hortaliza F.A.O. fao FAO ensalada vitamina vitaminas sodio potasio magnesio fósforo licopeno antioxidante fibra digestión receta recetas producción España rojo nutricional salsa frito cocido encurtido recetas;El tomate me encanta; su color; su textura; su sabor; su versatilidad en la cocina y como el mejor de los deseos de la lámpara de Aladín las mil y una formas de comerlo. Hoy me he levantado con ganas de saber más sobre este atractivo alimento.
Un hueco en mi mochila;Mi libreta;unhuecoenmimochila.html;personal escrito prosa poética poesía vida mochila gozo pozo sonreír belleza mundo;Las hebras de plata te dan una foto panorámica de la vida bien vivida; disfrutada hasta la lágrima y recordada hasta la extenuación.
Víctor del Árbol;Café con;victordelarbol.html;escritor lector lectura novela novelista catalán Cataluña España español premio Barcelona peso muertos tristeza samurái respirar herida millón gotas sacerdote obrero Círculo Lectores policía chaval escribir vivir sueño padrino mar promesa leer libro electrónico biblioteca Alber Camus La peste Coetzee corazón tinieblas budista;Víctor del Árbol es un escritor español nacido en Barcelona en el año 1968. Cursó estudios en Historia de la Universidad de Barcelona y...
Yo amo viajar;Mi libreta;yoamoviajar.html;personal escrito prosa poética poesía viajar ola paisaje frontera gente cultura lengua leyenda fotografiar camino alma;Amo acariciar nuevas olas; imaginar nuevos paisajes y besar nuevas fronteras...
El secreto de la vida;Mi libreta;secretodelavida.html;personal escrito prosa poética poesía vida arte bello momento secreto pócima alma existencia eternidad belleza felicidad;El secreto de la vida está en el arte de succionar lo bello; lo auténtico...
Saber quisiera;Mi libreta;saberquisiera.html;personal escrito prosa poética poesía ojo cerebro luz oscuridad corazón amar pena infinito insomnio alma playa alegría voz voces conciencia lluvia golondrina fuego quemar intranscendencia existencia;Saber quisiera qué ven tus ojos. Saber quisiera qué piensa tu cerebro. Saber quisiera qué ama tu corazón...
Jorge Díaz Cortés;Café con;jorgediazcortes.html;novela histórica historia leer lectura lector libro Biblioteca Nacional Alicante español escritor artículo escribir cartas a palacio guionista televisión serie números elefante número consejos jardinería social justicia errantes hospital central siete días al desnudo periodista documentación teclado planificación;Jorge Díaz Cortés nació en Alicante en 1962. Es escritor; periodista y guionista de televisión...
Rincón con ventana;Mis rincones;rinconconventana.html;poesía poético prosa poética ojos alma enredadera pena sombra fantasía ventana rincón escrito personal;Me encantan los rincones con ventanas; donde sólo abrir los ojos alimentas el alma...
Perder el tiempo;Mi libreta;perdereltiempo.html;poesía prosa poética personal escrito tiempo dinero vida infinito espacio perder uno mismo paz;Perder el tiempo es peor que perder el dinero...
Antonia J. Corrales;Café con;antoniajcorrales.html;escritora Antonia J. Corrales Madrid española lectura lector libro novela misterio epitafio asesino décima clave revista cultural jurado lectora rincón alma web obra Anika entre libros as de corazones mujeres de agua levedad del ser;Antonia de Jesús Corrales Fernández (Madrid; 1959); administrativa de profesión; comenzó a escribir en 1989 como correctora y con artículos y viñetas humorísticas en...
La manzana;Saborea;manzana.html;artículo alimento fruta fruto manzana receta alimentación ingrediente cocina rojo dulce vitamina manzanas historia manzano nutrición dieta dietética verde amarillo;Origen y variedades; cómo cocinarlas; manzanas en la historia
Llamarte quisiera; hijo;Mi libreta;llamartequisierahijo.html;personal escrito prosa poética poesía cansancio alivio quisiera llamarte hijo seno pecho mío mundo soñar vivir tiempo palpitar juntos amar firmamento gozo llanto sangre abismo ocaso risa triunfo arrullo encanto presente futuro;En estos momentos de cansancio y alivio llamarte; quisiera: HIJO.
Mercedes Pinto Maldonado;Café con;mercedespinto.html;biografía café Mercedes Pinto Maldonado Granada talento Nano última vuelta scaife maldita pretérito imperfecto fotógrafo paisajes caja mágica hijos de Atenea atenea cartas extraña medicina pintura literatura autor libro lectura novela novelista escritora escribir leer universidad terapia vivir inspiración éxito amigo papel lápiz pintar historia personaje Malága tiempo trabajo;Mercedes Pinto Maldonado nació en Granada (1961); pero actualmente vive en Málaga. Estudió Medicina en Granada y Málaga pero su verdadera vocación son la familia; la pintura y la literatura; formándose prácticamente de una manera autodidacta.
Holanda;Me encanta;holanda.html;cultura viaje artículo Amsterdam ciudad bicicletas Holanda Países Bajos molino viento mundo flores tulipanes holandés holandeses casa me encanta;Seguro que ya conoces mucho sobre Holanda; un país pequeño pero que se ha hecho famoso entre los viajeros por sus... 
Despierto del infinito;Mis rincones;despiertodelinfinito.html;personal escrito prosa poética poesía rincón camino curva cerrada aliento verde musgo dorada hojas aguas trino aves brisa infinito despierto despertar;A veces el camino se convierte en curva cerrada. El aliento en verde musgo que...
Chanclas al armario;Mi libreta;chanclasalarmario.html;olas arena mar vacaciones gaviotas escrito personal poético libreta puesta de sol chanclas armario marino recuerdos;Se van las olas calientes. Desaparecen los granitos de arena...
Las vitaminas y sales minerales;Aprendiendo;vitaminasysalesminerales.html;artículo carne pescado cereal vitaminas minerales absorción ácido alimento metabolismo huesos proteínas sal sales sangre marisco vegetal;Las vitaminas son sustancias orgánicas; es decir; se derivan de materia viva de plantas; animales o fuentes microbianas...
Vuelo libre;Mi libreta;vuelolibre.html;personal escrito prosa poética poesía me encanta vuelo libre cuerpo sensación cosquilla amiga beso deseo viento color límite miradas caricias arrullo arruga tacto cintura pecho caída dulce tierno;Me encanta el vuelo libre rozando mi cuerpo; esa sensación tibia de...
Efecto seda;Mi libreta;efectoseda.html;vídeo poesía poético personal escrito efecto seda fotografía agua cascada campo días bandas magnéticas cámara vida arroyo río respirar;De vez en cuando necesitamos un efecto seda...
Cafés de corazón;Mi libreta;cafesdecorazon.html;personal escrito prosa poética poesía espuma crema cafés corazón lágrimas risas perfectos serenos sentimientos vida interminables;Me encantan esos cafés con espuma y crema. Cafés de corazón repletos...
Japón;Me encanta;japon.html;Japón japoneses hotel casa chicas tren viaje curiosidad mundo años comida metro restaurante artículo;Japón es uno de los países más fascinantes de Asia. Ahí van algunas curiosidades...
Ácidos grasos omega 3;Aprendiendo;acidosgrasosomega3.html;enfermedad alimento alimentación marisco sardina fruta verdura trucha salmón anchoa atún nuez nueces triglicéridos cardiovascular cocina artículo omega 3 grasa graso pescado azul ácido oleico caballas consumo vegetales pescados organismo salud dieta aprendiendo linoleico;Los ácidos grasos omega 3 se encuentran principalmente en el pescado azul. Su consumo entre dos y tres veces a la semana nos asegura protección frente...
La siesta;Me encanta;lasiesta.html;artículo salud persona España consejo siesta beneficios digestión actividad comer sueño descanso minutos trabajo expertos persona reposo;Los beneficios de ese descanso para la buena digestión de los alimentos están comprobados por todos los especialistas...
Lienzos de mar;Mis rincones;lienzosdemar.html;lienzos mar acunar azules cielos paleta sueños caballete vida olas alma;Lienzos de mar que me acunan. Azules de muchos cielos....
Paloma Sánchez-Garnica;Café con;palomasanchezgarnica.html;artículo Paloma Sánchez-Garnica derecho historia abogada escritora libro lectura novela española madrileña;Paloma Sánchez-Garnica es licenciada en Derecho e Historia. Nació el uno de abril de 1962; en el barrio de Chamberí de Madrid...
Un beso guardado;Mi libreta;unbesoguardado.html;personal escrito prosa poética poesía siempre beso guardado palabras respuestas fuerzas urgencia dudas esperanzas penas;Siempre hay que llevar un beso guardado para cuando nos falten las palabras...
Hermanos en la Historia;Aprendiendo;hermanosenlahistoria.html;artículo hermanos historia deporte Gasol matemáticas Bernoulli Pinzón Grimm Lumière Marx Wright Bernoulli Colón cinematógrafo aviación baloncesto cine películas;Son muchos los hermanos de sangre que se han hecho famosos a lo largo de la Historia; en todos los ámbitos imaginables. Veamos algunos de ellos...
Vida en Time Lapse;Mi libreta;vidaentimelapse.html;personal escrito prosa poética poesía ojalá vídeo deseos tiempo vida volar ingrato congelar maravilloso recuerdo sufrimiento botón repeat;Ojalá el tiempo pasara como nuestros deseos. Volara en lo ingrato y se congelara en...
Camino de ensueño;Mis rincones;caminodeensueno.html;camino ensueño dueño colores límite arrullo ramas equilibrio magia infinito; Camino de ensueño sin dueño. Colores de imaginación sin límite...
Luxemburgo;Me encanta;luxemburgo.html;artículo viaje Luxemburgo capital UE ciudad catedral puente lugar mundo museos duque ducado restaurantes turismo Adolfo Casematas du Bock Casino Luxembourg Notre Damme Fuerte Thüngen palacio Chemin Corniche;Luxemburgo es un país sin litoral que se encuentra entre Francia; Bélgica y Alemania...
Respirando otoño;Mi libreta;respirandootono.html;personal escrito prosa poética poesía otoño sentir entrañas hojas recuerdos vivencias musgo penas respirar respiro;Ya te presiento; ya te siento...
Olvidé el olvido;Mi libreta;olvideelolvido.html;personal escrito prosa poética poesía olvidar olvido pájaro alas ola espuma sol luna playa brisa vivir viva hoja tallo arpa cuerdas agua cauce rayo tormenta segura llanto verdad pájaro  playa infinito llorar;Olvidé que era pájaro sin alas; que era ola sin espuma; que era sol sin luna; que era playa sin brisa. Pero me sentí viva...
Ildefonso Falcones;Café con;ildefonsofalcones.html;catalán abogado Ildefonso Falcones novela histórica lectura libros épocas escritor Cataluña Barcelona España lectores literatura escribir Ruiz Zafón Jesús Sanchez Adalid mar información leer;Ildefonso Falcones de Sierra nació en Barcelona; en 1959. Abogado y escritor español; conocido por ser autor La catedral del mar (2006). Su obra se convirtió en la novela más leída del 2007 en España.
Reflejos;Mis rincones;reflejos.html;reflejos paz agua pintar sed lienzo plata musgo alma chorros calma barca vida;Reflejos de paz hecha agua. Pintando sed en lienzo de plata...
La pasta;Saborea;pasta.html;agua pasta alimenticias canelones espaguetis harina pastas placas tomate trigo recetas cocina cocinar carne cocer cintas parmesano queso chinos italiano árabes;Entre chinos y árabes anda el juego en lo que concierne al origen de la pasta. Desde un principio; el ser humano descubrió la ventaja  de mezclar el grano triturado; sobre todo el de trigo; con agua y otros alimentos líquidos...
La Toscana;Me encanta;latoscana.html;La Toscana Italia Europa Florencia Piza historia italiana viaje Siena región pasta queso duomo Lucca Palio;La Toscana es una región situada hacia el noroeste centro de Italia. Tiene una superficie de 22.994 kilómetros cuadrados y una población de 3.734.355 habitantes...
Vivo;Mi libreta;vivo.html;personal escrito prosa poética poesía espejos mundo risueño instantes recuerdos lago cenizas chispas silencios sonrisas burbujas sueños mar vientos olas cielo caminos truenos;En un mundo de espejos; risueño por instantes; y acaudalado en recuerdos. Vivo; siento; respiro.
La memoria;Mi libreta;memoria.html;memoria hiedra mente camino fiel compañera alma ola ampolla besar día savia futuro instante amante dulce sueño cruel realidad suspiro;La memoria es una hiedra que engarza en nuestra mente el camino directo a nuestro ser...
Entrantes y aperitivos;Saborea;entrantesyaperitivos.html;entrantes aperitivos cocina rápida base canapés cremas fiambre huevos masa pan panes patatas rellenos tartaletas sabores tomates variedad;Una buena comida siempre va precedida de un plato de entrantes o unos aperitivos. Estos son unos platos alegres y divertidos; con gran colorido y variedad; que en ocasiones resultan muy baratos y fáciles de preparar...
Al doblar la calle;Mis rincones;aldoblarlacalle.html;doblar calle recuerdos sonrisas locuras encontrar;Quizá al doblar la calle te encuentre. Me siento con tus recuerdos...
Jose Luis Palma Gamiz;Café con;joseluispalmagamiz.html;artículo Jose Luis Palma Gamiz medicina médico escritor libro lectura novela español Lucena Andalucía Siria;José Luis Palma Gámiz es médico de origen andaluz (Lucena; Córdoba); y madrileño de adopción y vocación; se licenció en la Universidad de Navarra cursando posteriormente la especialidad de Cardiología en las Universidades de Montreal (Canadá) y en la Complutense de Madrid...
Artilugios de cocina;Aprendiendo;artilugiosdecocina.html;artilugios cocina raro ajo barbacoa cocinar Drop frutas ingredientes iris limones plegable práctico curiosidad curioso verduras vegetales;A veces no sospechamos la infinidad de artilugios que podemos tener en la cocina; que pueden facilitarnos mucho el trabajo culinario. Muchos de ellos ni tan si quiera sabemos de su existencia y al echarles un primer vistazo no imaginamos para que sirven...
Sabía que...;Mi libreta;sabiaque.html;sabía que paz infinita segundo inmenso gloria azar caricias alma calma eterna verdad serena trino divino tregua alegría felicidad;Sabía que llegaría la paz infinita; sabía que gozaría el segundo inmenso; sabía que respiraría la gloria indestructible; sabía que jugaría el azar soñado...
Grecia;Me encanta;grecia.html;Atenas Grecia ciudad Creta costa islas griegas playas mar Mykonos templo Egeo Delfos acrópolis antigua griegos;Grecia es un país europeo que se encuentra en la zona sureste del continente; lleva por nombre oficial República Helénica y forma parte de la Unión Europea...
Escalones de otoño;Mis rincones;escalonesdeotono.html;escalones otoño húmedos charcos rincones hojas ocres brisa fresca árboles desnudos; Poco a poco bajamos los escalones húmedos del otoño; con charcos en todos los rincones con montones de hojas ocres en las esquinas...
Sublime;Mis rincones;sublime.html;personal escrito prosa poética poesía sublime instante velo estancia virgen suspiro incienso quimera mojado;Sublime instante de velo volando...
Vela de plata;Mi libreta;veladeplata.html;personal escrito prosa poética poesía vela plata silencioso lienzo olas mar enamorados timón dueño luna luz agua; Silencioso mecer de vela en olas de plata. Juego de titanes enamorados sin rumbo...
Las ensaladas;Saborea;ensaladas.html;ensaladas cocina hojas ingredientes lechuga jamón plato queso verdes salsa mixtas fría gambas escarola tomate anchoas bonito carne cebolla aliño crudo vegetales vinagreta;Las ensaladas son los platos que mejor pueden desarrollar nuestra imaginación; tanto para cocineros novatos; como para los más expertos...
Camille Pissarro;Me encanta;camillepissarro.html;Camille Pissarro París Cezanne impresionismo pintura impresionista arte francesa Gaugin acuarela óleo exposición Londres Monet Montmatre pintor;Camille Pissarro nació el 10 de julio de 1830 en la isla antillana Carlota Amalia; Saint Thomas; perteneciente a Dinamarca; en el seno de una adinerada familia de origen judío...
Anoche os soñé;Mi libreta;anocheossone.html;personal escrito prosa poética poesía ola gaviota antaño granito arena recuerdo aroma sal saliva luz amor anoche os soñé amé siempre;Veníais en cada ola; en cada murmullo de gaviota. Os sentía reír; arrullaros como antaño...
Rincón con mantita;Mis rincones;rinconconmantita.html;personal escrito prosa poética poesía manta mantita rincón rincones me encanta suspiro anida anidar sueños penas magia vida cansancio despierto;Me encantan los rincones con mantita; donde caben todos los suspiros...
Las hierbas y especias;Saborea;hierbasyespecias.html;hierbas especias canela azafrán laurel cocina cocinar sabores pimienta carnes condimentar guisos hojas pescados picante platos pimientos sabor salsas semillas sopas albahaca aromáticas mostaza;Las especias son la sal de la cocina. Se trata de sabores vegetales con origen muy variado. Cada planta tiene un sabor característico y todas poseen la cualidad de ser enormemente versátiles...
Mercedes Gallego Moro;Café con;mercedesgallegomoro.html;Mercedes Gallego Moro escritora libros lectura novelas española psicóloga Candela Luque asesino ajedrez serie escribir;Mercedes Gallego Moro; psicóloga y escritora. Estuvo dos años en la Policía Nacional como miembro del Grupo Especial Femenino. Posteriormente; trabajó en el Consejo Superior de Investigaciones Científicas; CSIC...
Canadá;Me encanta;canada.html;Canadá ciudad viaje mundo Norteamerica Calgary Toronto Montreal canadiense arce Quebec lugar turismo;Canadá con una superficie de casi diez millones de km<sup>2</sup>; es un país donde habitan casi treinta y un millón de habitantes. Indiscutiblemente su patrimonio natural es el atractivo más fuerte del país: lagos; cientos de parques y espectaculares montañas...
La castaña;Saborea;lacastana.html;castañas limón fruto recetas cocina postres almíbar España fiestas tradicional crema glaseadas;La castaña es un fruto seco tremendamente rico en nutrientes; aportando sobretodo hidratos de carbono y fibra; así como vitaminas del grupo B; ideales para reducir la sintomatología propia del otoño; en la que es común sentirnos apáticos o melancólicos.
Te encontré en la bruma;Mi libreta;teencontreenlabruma.html;ciervo encontré bruma cervatillo feliz flores boca brotes niebla árboles días espesura bosques amé cima;Te encontré en la bruma; cual cervatillo feliz. Disfrutando entre flores con brotes en tu boca...
Trozo a trozo;Mi libreta;trozoatrozo.html;trozo a trozo segundo puntada caricia arrullo recuerdo vida pespuntes;Trozo a trozo; segundo a segundo...
El zapato;Aprendiendo;elzapato.html;zapatos zapato tacón mujer María Antonieta cuero moda historia tacones estilo calzado botas pares pies sandalias;El calzado forma parte importante de nuestra vida. Los zapatos no solo sirven para proteger los pies sino que son parte de nuestro estilo; pero pocas veces nos detenemos a pensar en su historia y en sus curiosidades...
María José Moreno;Café con;mariajosemoreno.html;escritora libro lectura novela española blog editorial lectores personajes triología Bajo los Tilos Triología del Mal Pepe Pepino caricia Tanatos Córdoba;María José Moreno nació en Córdoba (España) en 1958; donde reside. Escritora; psiquiatra y profesora titular de la Facultad de Medicina de la Universidad de Córdoba; se inicia en el ámbito de las publicaciones con artículos científicos y libros en el campo de la psiquiatría...
Explosión de color;Mi libreta;explosiondecolor.html;explosión color venas infinito café madrugada instantes felices olas;Explosión de color recorre mis venas; que raudas vuelan por el infinito...
Las legumbres;Saborea;laslegumbres.html;cocina legumbres judías garbanzos lentejas agua cocción vitamina hierro cazuela cocer;El nombre de legumbres se aplica muchas veces a las hortalizas en general; pero denomina en especial los frutos y semillas que se desarrollan en la vaina...
Bailarina en paleta de perla;Mi libreta;bailarinaenpaletadeperla.html;bailarina en paleta de perla ruiseñor rama amiga rayo sol siesta placer piel dormida color;Bailarina en paleta de perla inscrita. Como ruiseñor en rama amiga...
Blanco desayuno;Mis rincones;blancodesayuno.html;blanco desayuno buganvilla zumo vitaminas compañía alegría fruta tul;Blanco desayuno al sol de la amanecida. Buganvilla amiga por compañía...
El colesterol bueno y malo;Aprendiendo;elcolesterolbuenoymalo.html;artículo consejo cuerpo salud colesterol lipoproteínas arterias ejercicio;No todo lo que brilla es oro; dice el refrán. Ni todo colesterol es malo; se podría agregar. De hecho; no hay colesteroles distintos; ni buenos ni malos; se trata de la misma molécula que es esencial para la vida...
Tú eliges;Mi libreta;tueliges.html;tú eliges primer plano rosa espinas nebulosa fondo protagonista vida actor secundario profundidades miserias;Tú eliges; primer plano con espinas;
o fondo en nebulosa; viviendo en la reserva...
Juan Gómez-Jurado;Café con;juangomezjurado.html;artículo escritor libro lectura novela español madrileño Twitter gente El paciente La leyenda del ladrón El emblema del traidor Contrato con Dios Espía de Dios;Juan Gómez-Jurado (Moratalaz; Madrid; 1977) es licenciado en Ciencias de la Información por la Universidad San Pablo CEU; vive actualmente en Santiago de Compostela...
Los níscalos;Saborea;losniscalos.html;níscalos recetas otoño cocina setas España pinares;El Níscalo (Lactarius deliciosus y Lactarius sanguifluus); es una de las setas comestibles más común en España. Aunque no es la mejor de las setas para cocinar; seguro que es la más buscada por pinares y bosques entre primavera y otoño...
El sueño;Aprendiendo;elsueno.html;sueño dormir horas niños adultos fases organismo REM somnolencia despertar acostarse no REM insomnio;El sueño es una parte integral de la vida cotidiana; una necesidad biológica que permite restablecer las funciones físicas y psicológicas esenciales para un pleno rendimiento...
Saquitos de golosinas;Mi libreta;saquitosdegolosinas.html;saquitos golosinas travesía historia endulzan dulce chuchería sonrisas niños azúcar hiel senda;Saquitos de golosinas que acompañan la travesía. Saquitos de dulzura que impregnan la vida...
Qué hacer con los restos y las sobras;Saborea;quehacerconlosrestosysobras.html;cocina restos sobras carne pescado puré verdura fruta arroz batido huevos leche empanadillas lasaña salsa queso platos;Infinidad de veces nos quedan restos de comida que nos sabemos qué hacer con ellos. Nos sobra un poco de aquí; un poco de allá. Por separado no son nada; pero es un crimen tirarlos a la basura. Con un poco de imaginación y un poco de tiempo se pueden elaborar de nuevo exquisiteces...
Abrazos eternos;Mi libreta;abrazoseternos.html;abrazos eternos alma instantes teletrasportar infinitos recuerdo momentos suspiros rotos;Abrazos eternos para el alma; esos que nos transportan a instantes que no se repiten...
Claude Monet;Me encanta;claudemonet.html;cuadros nenúfares impresionista pintura lienzo puente japonés;Claude Monet nació el 14 de noviembre de 1840 en la Rue Lafitte 45 de París. Era el segundo hijo de Claude Adolphe Monet y su esposa Louise Justine Aubrée...
El jamón serrano;Saborea;jamonserrano.html;jamón serrano vino vitaminas cerdo alimento aceite España Italia paletas producto español;El jamón serrano es uno de los alimentos más característicos y valiosos de España; es un producto que define nuestra cultura; ya desde la antigüedad el cerdo y el jamón eran algo valioso. Hoy en día es uno de los alimentos más consumidos en España (un español come de media 5 kg de jamón al año)..
Llamando puertas;Mi libreta;llamandopuertas.html;llamar llamando puertas cruel destino caminos candados interrogantes cerraduras llave;Cruel destino siempre llamando puertas. Caminos de candados encendidos...
Agua que todo lo inunda;Mi libreta;aguaquetodoloinunda.html;agua inunda ama alimenta abraza silencio murmullo tormento arrulla;Agua que todo lo inunda; que todo lo ama. Agua que todo alimenta; que todo abraza...
Los Fiordos Noruegos;Me encanta;fiordosnoruegos.html;Noruega fiordos crucero norte glaciar viaje Europa montañas visitar;Noruega tiene el mayor número de fiordos del mundo; siendo el oeste de Noruega la región con mayor concentración de los mismos. Por eso; esta región se conoce popularmente como la Noruega de los Fiordos...
Al borde de tu cintura;Mis rincones;albordedetucintura.html;borde cintura mano trenzados acunados farolillos risas callejones amor embriagados;De la mano trenzados. Acunados por los farolillos...
Pasos sin huella;Mi libreta;pasossinhuella.html;pasos huella miedos días duelos dudas;Pasos que no se dan. Miedos que no se despejan...
Rafael R. Costa;Café con;rafaelrcosta.html;escritor libro lectura novela poesía español Huelva escribir dibujar dibujante;Rafael Rodríguez Costa escritor prolífico; finalista en el premio Planeta; poeta y dibujante español; nacido una tarde lluviosa de 1959 en Huelva en la popular barriada de La Navidad...
La viola;Aprendiendo;laviola.html;instrumento cuerda frotada viola orquesta canción música graves violín violoncello violista sonido;La viola es un instrumento musical de cuerda; similar en cuanto a materiales y construcción al violín pero de mayor tamaño y sonido más grave...
El yogur;Saborea;elyogur.html;yogur salud saborea cocina recetas bacterias lácteo leche lactosa Turquía Asia calcio vitaminas;El yogur es un alimento esencial; con 100 millones de bacterias vivas dispuestas a ayudarnos...
Elegir las palabras;Mi libreta;elegirlaspalabras.html;personal escrito día palabras elegir mano ruta respirar teclas melodía senda equipaje;Elegir las palabras para respirar cada día. Elegir las teclas para tocar cada melodía...
Distinto horizonte;Mi libreta;distintohorizonte.html;distinto horizonte cielo oxígeno paisaje oleaje tablero jugada pieza estrategia seno nido alma esencia; El mismo cielo y oxígeno. Diferente paisaje y oleaje. El mismo tablero y jugada...
Gonzalo Giner;Café con;gonzaloginer.html;historia escritor libro lectura novela español animales sanador caballos cuarta alianza veterinario escribir;Gonzalo Giner nació en 1965 en Madrid donde estudió Veterinaria y traductor médico autónomo. Debutó en el mundo literario en 2004 con el libro...
Patio de algazara;Mis rincones;patiodealgazara.html;patio algazara celosía colores arcos plantas columnas pasiones ilusiones;Celosía de colores. Plantas de satisfacciones...
Salsas y aliños;Saborea;salsasyalinos.html;salsas aliños mayonesa cocina comida roux harina;Las salsas son los vestidos de las comidas. Añaden una pizca de alegría a quién desee subir el tono vital de sus comidas...
Infinitos reunidos;Mi libreta;infinitosreunidos.html;infinitos reunidos gotas agua rama estrellas cielos olas lágrimas silencios reunión;Infinitos reunidos en rama. Lágrimas unidas en tallos...
Cómo enseñar a tu hijo a estudiar;Aprendiendo;comoensenaratuhijoaestudiar.html;estudiar estudio libros apuntes material escolar lectura examen concentración esquemas texto temas;El estudio es un ejercicio de voluntad. El esfuerzo y la dedicación son la armas fundamentales para afrontarlo pero hay condiciones; hábitos y maneras de estudiar que nos ayudarán a que nos resulte más sencillo y sea más efectivo...
Lo inesperado;Mi libreta;loinesperado.html;inesperado llorar instante reír surgir cenizas vibrar locura saltar luna vida;Lo que te hace surgir de tus cenizas. Lo que te hace saltar hasta la luna...
El rayo de la espera;Mis rincones;elrayodelaespera.html;rayo espera bosque banco escondite pena rama certeza;Se encendió el bosque; el banco de la espera. Se escondió la niebla; el escondite de la pena...
Los Picos de Europa;Me encanta;lospicosdeeuropa.html;Picos de Europa Asturias Cantabria León Naranjo de Bulnes Lagos Covadonga montaña Ruta del Cares ríos Deva Liébana senderismo Fuente Dé Potes teleférico Sotres Cangas de Onís España Torre Cerredo;Los Picos de Europa son un macizo montañoso localizado en el norte de España que pertenece a la parte central de la cordillera Cantábrica. Aunque no muy extenso; su cercanía al mar hace que sea pródigo en accidentes geográficos de gran interés...
Mayte Esteban;Café con;mayteesteban.html;escritora libro lectura novela española blog editorial lectores personajes relatos premios Detrás del cristal Su chico de alquiler;Mayte Esteban nació en 1970; en Azuqueca de Henares (Guadalajara) y reside actualmente en Cantalejo; un pequeño pueblo de la provincia de Segovia. 
El churro;Saborea;elchurro.html;churro harina aceite China youtiao Madrid árabe judío masa buñuelos churreros;El churro es una masa a base de harina de trigo cocinada en aceite; una comida de las denominadas «frutas de sartén». Con origen en la Península Ibérica; los churros son populares en España; Portugal; Francia; América Latina; Filipinas y algunas zonas de los Estados Unidos...
Entre visillos;Mis rincones;entrevisillos.html;visillos tul sogas sueños silencios viento mares latidos;Entre visillos amarrados a sogas de sueños. Entre visillos de silencios al viento...
Zigzag de reflejos;Mi libreta;zigzagdereflejos.html;zigzag aguas reflejos dolores pensamientos estanques futuros;Reflejos de colores bordando pensamientos. Estanques de electros delineando futuros...
Los pendientes;Aprendiendo;lospendientes.html;pendientes orejas accesorios estilo look piratas colgantes cierre botón plata nácar  aros plumas;Los pendientes tienen una historia larga y en cuanto a su forma de exhibirse apenas han cambiado. Los ejemplares más antiguos encontrados son de la Edad de Bronce y en principio se usaban perforando la nariz por el cartílago central...
Amado fuego;Mi libreta;amadofuego.html;amado fuego cenizas poesía personal escrito llama vida amado;Ante el fuego he luchado y llorado. Ante su arrullo benigno también he amado tanto como su orgullo penetrante tanto como su humo perdido...
Blanca Miosi;Café con;blancamiosi.html;escritora libro lectura novela Perú blog web editorial ebook Amazon;Blanca Miosi nació en Perú; hija de padre japonés y de madre peruana. Reside desde hace varias décadas en Caracas; Venezuela...
Mantón de Manila;Aprendiendo;mantondemanila.html;mantón manila flamenco España zarzuela hilos bordados flor colores China china mujer vestido flecos seda historia Andalucía Sevilla femenino;El mantón de Manila es un lienzo cuadrado de seda decorado en colores vivos con flores; pájaros o fantasías; y rematado en todo su perímetro por flecos. De origen chino; se hizo muy popular durante el siglo XVIII en España e Hispanoamérica como complemento del vestuario femenino...
El azafrán;Saborea;elazafran.html;especia cultivo azafrán España flor saludable salud cocina remedio vitamina enfermedades colorante Asia;El azafrán es una especia derivada de los 3  estigmas secos del pistilo de la flor de Crocus sativus; una especie del género Crocus dentro la familia Iridaceae...
Alfombra de sueños;Mis rincones;alfombradesuenos.html;alfombra sueños amuletos silencios anhelos rincón hojas;Alfombra de sueños hechos hojas. Montón de silencios y anhelos...
Saber escuchar;Mi libreta;saberescuchar.html;saber escuchar privilegiados traspasar invisibilidad entrañas fusión empatizar;Saber escuchar; ese don de privilegiados. Saber traspasar con capa de invisibilidad...
Rocío en seda;Mi libreta;rocioenseda.html;rocío seda besos fragancias flor empapado enamorado risas;Rocío en seda impregnado; de brisas imaginado...
Sopas; caldos; cremas; purés y potajes;Saborea;sopascaldoscremaspures.html;sopas caldos cremas purés potajes cocina recetas;Platos todos ellos propios de tiempos fríos; a veces se toman en épocas que no lo son tanto; pero en definitiva entonan el estómago y aportan gran cantidad de nutrientes...
La tinta;Aprendiendo;latinta.html;tinta colores impresoras escribir papel secado color colorantes impresiones;Comúnmente se considera que la tinta es utilizada en lapiceros; bolígrafos o pinceles; sin embargo; es utilizada extensivamente en toda clase de impresiones...
Sarah Lark;Café con;sarahlark.html;escritora libro lectura novela romántica caballos leer escribir historia mujeres Alemania zahoríes Nueva Zelanda;Sarah Lark es el seudónimo de Christiane Gohl (Bochum; Renania del Norte-Westfalia; Alemania; 1958); una escritora que en los últimos años ha logrado un gran éxito en su país de origen...
El Árbol de Navidad;Me encanta;elarboldenavidad.html;Árbol Navidad árbol decorado espumillón Jesús Iglesia creencia fe Papá Noel regalos Reyes Magos;En todos los lugares del mundo; la presencia del Árbol de Navidad es imprescindible. Las esferas; para la tradición cristiana; simbolizan las oraciones que hacemos durante el periodo de adviento: las azules son de arrepentimiento; las plateadas de agradecimiento; las doradas de alabanza y las rojas de petición...
Mil redes;Mi libreta;milredes.html;mil redes enredados sentimientos vidas toques instantes clicks fantasías ilusiones;Enredados en mil redes de sentimientos; pescando vidas en toques de instantes...
Al final te espero;Mis rincones;alfinalteespero.html;final espero violines engalonado mesa bordado infinito alfombrado destino;He bordado el infinito. He alfombrado el destino...
El té;Aprendiendo;elte.html;té infusión bebida Japón Inglaterra inglés pastas salud blanco negro hojas planta agua caliente sabor tés oriental;El té es una infusión de las hojas y brotes de la planta del té (Camellia sinensis) de la familia de las Theaceae(s). Es consumida; ya sea como bebida caliente o fría; por aproximadamente la mitad de la población mundial...
Lago mimoso;Mi libreta;lagomimoso.html;lago mimoso otoño hojas agua mimosas trepar ramas silencio recuerdos;Las mimosas han trepado a las ramas altas. Hojas ocres que juguetonas se miran al espejo...
El turrón;Saborea;elturron.html;turrón Navidad fiestas chocolate Jijona Alicante España mazapán yema tostada blando duro nueces almendra;El turrón es una masa dulce obtenida por cocción de miel; azúcares y clara de huevo; incorporando almendra pelada y tostada; y posteriormente amasada; a la que tradicionalmente se le da forma de tableta rectangular o torta...
Nariz de zanahoria;Mi libreta;narizdezanahoria.html;nariz zanahoria muñeco de nieve algodón mazapán turrón corazón bufanda gorro tizón;Nariz de zanahoria y bufanda de ilusión. Gorro de pompón y ojitos de tizón...
Mecido por cerezos;Mis rincones;mecidoporcerezos.html;mecido cerezos ramas flores Japón amparo aguas magia viento silencio;Rincón de sueños; mecido por cerezos. Al borde del precipicio. Al amparo de las aguas...
La Navidad;Aprendiendo;lanavidad.html;Navidad árbol casas celebración celebraciones cena costumbres cristiana cristianos diciembre enero familiares familias fecha festejos fiestas iglesia Jesús luz mundo nacimiento niños Nochebuena Papá Noel regalos ritos símbolo tradición tradicional velas villancicos;Navidad es un término de origen latino que significa nacimiento; y da nombre a la fiesta que se realiza con motivo de la llegada de Jesucristo a nuestro mundo...
Regálame;Mi libreta;regalame.html;regálame sueño tierno imaginado amor luciérnaga rincón sincero historia regalar regalos beso abrazo Navidad;Regálame el beso más largo del mundo. Regálame el abrazo más grande de la historia. Regálame el te quiero más sincero que haya imaginado...
Poeta de olas hambriento;Mi libreta;poetadeolashambriento.html;poeta olas hambriento versos poesía anclado dulzura sueños playas pequeños abuelos sonrisas contienda luz tinieblas caminante mochila;Soy un poeta sin versos anclado en la playa del silencio. <br>Soy un poeta sin versos atrapado en la injusticia de los hechos. <br>Soy un poeta sin versos angustiado por la estupidez de los perversos...<br>
Metáforas;Mi libreta;metaforas.html;metáforas chispas alegrías días cordura vida oxígeno soledades lujurias deseos subsistencia;Metáforas. Chispas de alegría para acompañar mis días. Perlas de cordura para entender la vida...
Brindo;Mi libreta;brindo.html;brindo tiempo luchan sonrisas esperanzas aman rotos pedazos recuerdos allá;Brindo.<br>Por los rotos en mil pedazos <br>para que se recompongan en<br>millones de esperanzas...<br>
Bienvenido;Mi libreta;bienvenido.html;Bienvenido 2016 sueños magia amor infinito duende divino fantasía;Bienvenido mi ser querido; de magia hecho y parido...
Paraguas de colores;Mi libreta;paraguasdecolores.html;paraguas colores lluvia almas resguardo rescoldo bálsamo herida;Paraguas de colores que habitan en nuestras almas. Resguardo de tantas gotas de lluvia...
Carta a los Reyes;Mi libreta;cartaalosreyes.html;carta Reyes Magos pido sonrisas vitaminas alma deseos libros cóctel bombones;Pido<br>un cóctel de sonrisas infinito;<br>un pastel de vitaminas para el alma;<br>un puzzle de deseos cumplidos...<br>
El arpa;Aprendiendo;elarpa.html;arpa instrumento cuerda Irlanda celta música orquesta cámara;El arpa es un instrumento de cuerda pulsada compuesto por un marco resonante y una serie variable de cuerdas tensadas entre la sección inferior y la superior...
Copo de pelo;Mi libreta;copodepelo.html;mascota perro copo de pelo blanco acocado peluche tiernos algodón;Copo de pelo que ama a lametones. Acocado en mis pies y en mis sueños. Peluche de ojos tiernos...
La almendra;Saborea;laalmendra.html;almendras frutos secos salud recetas comida almendro cáscara duras dulces proteínas cerebro hierro floración marrón amargas árbol;Las almendras son reconocidas como uno de los frutos secos más nutritivos y además de tener un delicioso sabor son muy beneficiosas para la salud; ya que ayudan a prevenir muchas enfermedades...
Agua muda;Mis rincones;aguamuda.html;agua muda nube estanque plata crisol sueño lágrimas encaje nube;Estanque de plata; agua muda sobre lienzo de bronce. Crisol de sueños; hebras de nieve sobre espejo de lágrimas...
Dos rosas;Mi libreta;dosrosas.html;dos rosas tallos flor juntas puros frescos unísono siempre;Dos rosas tan bellas; tan juntas y tan tiernas. Dos tallos tan puros; tan eternos y tan frescos...
El aguacate;Saborea;elaguacate.html; acido aguacate aguacates arterial ayuda bacon california cantidad carne carotenoides consumir corazón enfermedades España fruta fruto fuerte gramos grasas hass hueso potasio piel salud cocina recetas pulpa sabor semilla semillas variedad verde vitamina zumo;El aguacate es originario de México; Colombia y Venezuela. Los primeros españoles que llegaron a América bautizaron a este fruto con el nombre de pera de las Indias; dada su semejanza externa con las peras españolas...
Las auroras boreales;Aprendiendo;lasaurorasboreales.html;atmósfera aurora auroras boreal boreales círculo polar colores electrones cielo espacio espectáculo fenómeno luz magnético magnetosfera nieve norte austral Noruega partículas polos simulación sol tiempo tierra;Ocurren cuando partículas cargadas (protones y electrones) procedentes del Sol; son guiadas por el campo magnético de la Tierra e inciden en la atmósfera cerca de los polos...
Déjame quererte;Mi libreta;dejamequererte.html;dejame quererte amar besar;Déjame amarte hasta que me disuelva. Déjame cuidarte hasta que desfallezca. Déjame soñarte hasta que despierte...
Redes al aire;Mis rincones;redesalaire.html;redes aire vida pescar viento sustento mallas hilos energía trenza ilusión;Redes al aire para pescar la vida. Redes al viento para capturar el sustento...
El pulpo;Saborea;elpulpo.html;cocina receta pulpo alimento cáncer cocido colesterol comer dieta energía organismo personas potasio reducir regular vitaminas yodo agua mar Galicia;El pulpo es un alimento delicioso y cuanto menos único; que podemos disfrutar fresco sólo en algunos meses del año; siendo enero una de las épocas más interesantes en este sentido...
Luna juguetona;Mis rincones;lunajuguetona.html;luna juguetona cumbre estrellas amo infinito sol eternidad duendes cima viento;Luna juguetona que besas la cumbre; di a las estrellas que las amo. Di al infinito que le deseo. Di al sol que le alabo...
Limón y lima;Saborea;limonylima.html;limón lima ácido cítrico anemia antioxidante azúcar bebidas calorías citrus culinarias defensas ensaladas estreñimiento frutos jugo vitaminas;El limón y la lima son dos cítricos del género Citrus que pertenecen a la familia de las Rutáceas. Esta familia comprende más de 1.600 especies...
Sobre sin remite;Mi libreta;sobresinremite.html;sobre remite carta letras palabras rumbo mensaje misivas;Sobre sin remite. Carta sin letras. Olvidos sin sellos. Misivas sin destino...
Corazón de arena;Mi libreta;corazondearena.html;corazón marea ola arena ilusión espuma resaca línea fábula parpadeo sueños quimeras pleamar ilusión;Corazón de arena que muere en cada ola. Trazo de ilusión que suspira en espuma. Sentimiento del alma...
La felicidad;Mi libreta;lafelicidad.html;felicidad dulce decisión día cava regalo lazo raso tesoro infinito alma frutpo paraíso chispas fuegos artificiales;La felicidad; dulce decisión de cada día. Regalo envuelto en papel de colores y lazo de raso...
Paseo con gigantes;Mis rincones;paseocongigantes.html;paseo con gigantes mecer troncos mirada copas cenizas fuerzas resurgir besar días iluminar iras;Mecida entre vuestros troncos; alzo la mirada a vuestras copas; resurjo de mis cenizas; recargo mis fuerzas...
Entre nubes;Mi libreta;entrenubes.html;entre nubes ama pertenece sueña pierde respira quimeras anhelar besar recuerdas;Se ama lo que no te pertenece. Se desea lo que no se tiene. Se sueña lo que se pierde.
La víspera de casi todo;Desmigando;lavisperadecasitodo.html;Víctor del Árbol libro premio Nadal 2016 aire algo alma anos arbol belleza corazón cosas cuerpo era extraño gente historias humano joven luz manos mirada modo muerte muertos mundo ojos otro palabras personajes podia realidad texto tiempo vida vidas viejo vivos voz;De nuevo Víctor del Árbol alimenta mi intelecto y mi alma. Desmigar su último libro La víspera de casi todo es un placer tan inmenso que me es difícil salir ilesa.
Rincón de olas protegido;Mis rincones;rincondeolasprotegido.html;rincón olas protegido mar añicos rocas suspiros barandilla madera tul;Rincón de olas protegido. De rocas festoneado. De mar hecho añicos. De suspiros encendidos...
Mirada niña;Mi libreta;miradanina.html;mirada niña hambre vida sueños beso sonrisa luz estrella luna futuro universo dulzura pupila pestaña golosina;Mirada de ilusión y sorpresa; con hambre de vida y sueños. Mirada de beso y sonrisa; con luz de estrella y luna...
Dame la mano;Mi libreta;damelamano.html;dame mano recorrer instantes dichas degustemos manjares viajemos olas rotulemos horas lloremos risas;Dame la mano. Volvamos a recorrer los instantes. Revivamos las dichas. Degustemos los manjares...
La risa es el sol;Mi libreta;larisaeselsol.html;risa sol caja sorpresas uso engendra mundo entierra odio montañas inviernos manantial sueños;La risa; caja de sorpresas al uso. La risa que engendra el mundo...
Cerezos en flor;Mi libreta;cerezosenflor.html;cerezos flor primavera copos dulzura espuma;Esculpidos en espuma volvéis delicados a enamorarme. Sutiles y ligeros os cimbreáis sobre mis espesuras...
Quizás seamos;Mis rincones;quizasseamos.html;quizás seamos brizna viento gota amor música nota regalada besos infinitos amados mar mil mundos amanecer arcilla vida ausentes;Quizás seamos cada brizna de viento que sopla. Quizás seamos cada gota de amor derramada. Quizás seamos cada nota de música regalada...
Niebla;Mi libreta;niebla.html;manto húmedo niebla abrazo fresco amas beso mojado;Me envuelves con tu manto húmedo. Me penetras con tu abrazo fresco. Me amas con tu beso mojado. Niebla...
Lecturas de verano;Mi libreta;lecturasdeverano.html;lecturas verano mar mojito sal novela;Han de ser frescas como huella en el mar. Han de ser ligeras sin exceso de equipaje...
Fiel amiga;Mi libreta;fielamiga.html;fiel amiga pluma escribir letras magia playa deseos;Fiel amiga que acompañas mi vida. Sacapenas de trazo suave...
Rincón de quimeras;Mis rincones;rincondequimeras.html;quimeras rincón hierba sueños cojines libro saxo;Hierba recién cortada colándose por las rendijas. Sueños jugando al escondite con los visillos...
Invito yo;Mi libreta;invitoyo.html;invito yo;Invito a caricias sin piel a besos sin labios a sonrisas sin hiel...
Puntilla de ola;Mi libreta;puntilladeola.html;ola puntilla sueños ilusión agua;Puntilla de ola que empapa. Encaje de agua que ama...
Columpiarse en las nubes;Mis rincones;columpiarseenlasnubes.html;columpiarse nubes infinito recuerdos cielo agua;Columpiarse en las nubes. Con suelo de mar. Con sueños de olas...
A rotos;Mi libreta;arotos.html;a rotos descosidos borbotones recostada instantes;Tumbada a ratos; con la prensa al borde...
Aunque...;Mi libreta;aunque.html;aunque reloj vida sueños ilusiones luz;Aunque el reloj se empeñe en volar; la vida sigue meciendo sueños; besando tristezas y atizando fuegos...
El chocolate;Saborea;elchocolate.html;chocolate cacao beneficio tipos bombones chocolate negro taza leche blanco;El chocolate es uno de esos placeres de la gastronomía; el cual nos brinda una serie de beneficios y propiedades...
Sabrás algún día;Mi libreta;sabrasalgundia.html;sabrás algún día yo libertad felicidad dolor pesadilla lucha;Te deseé como el sediento al agua. Te engendré como Dios lo pensó.Te imaginé sin haberte visto...
La vainilla;Saborea;lavainilla.html;la vainilla especia variedades natural cara beneficios belleza;La Vainilla es un género de orquídeas con 110 especies distribuidas mundialmente en las regiones tropicales...
¿Dónde estás?;Mi libreta;dondeestas.html;donde estas lluvia existencia siento;¿Dónde estás gota de lluvia de mi existencia?...
El poleo;Saborea;elpoleo.html;poleo infusion relajante beneficios contraindicaciones;El poleo (Mentha pulegium); también llamado menta poleo; es una de las especias más conocidas del género Mentha...
La fresa;Saborea;lafresa.html;fresa fruta recetas ácido tarta hidrato fresón verano comida;Las fresas y los fresones crecen en el fresal; planta que pertenece a la familia de las Rosáceas y al género Fragaria. Las fresas y los fresones son unas de las frutas más apreciadas y evocan el inicio de la primavera...
El café;Saborea;elcafe.html;café bebida caliente despertar desayuno aroma descafeinado cafeína vigorizante energía grano espresso;El café es una bebida que se obtiene a partir de mezcla en agua caliente de granos tostados de la planta de café (Coffea de la familia Rubiaceae conocida como cafeto). A pesar de que comercialmente es la bebida número uno del mundo se estima que un tercio de la población mundial la consume (la mitad de la población mundial es consumidora de té)...
La espinaca;Saborea;laespinaca.html;la espinaca verdura beneficios recetas;La espinaca; cuyo nombre científico es Spinacea oleracea; pertenece a la familia de las amarantáceas quenopodiodeáceas; al igual que las remolachas y la acelga. Crecen muy bien en climas templados; siendo hoy en día Estados Unidos y China; entre otros; los países productores más importantes. Están disponibles durante todo el año....
Muñecas rusas;Aprendiendo;munecasrusas.html;muñecas rusas matrioska fertilidad Rusia;Una matrioska; matrioshka; mamushka o muñeca rusa; es un conjunto de muñecas tradicionales rusas creadas en 1890; cuya originalidad consiste en que se encuentran huecas por dentro; de tal manera que en su interior albergan una nueva muñeca...
Amig@s;Mi libreta;amigos.html;amigos amistad tristeza dolor ;L@s que alimentan el alma en un paseo.
L@s que abrazan la tristeza en una palabra.L@s que arrancan besos de las lágrimas...
El helado;Saborea;elhelado.html;helado postre beneficios chocolate fresa sorbete ;El helado  es un  postre congelado  hecho de agua; leche; crema de leche  combinadas con saborizantes; edulcorantes o azúcar. En la actualidad; se añaden otros ingredientes tales como yemas de huevo; frutas; chocolate; galletas; frutos secos; yogur y sustancias estabilizantes. Se puede endulzar con azúcar; miel o edulcorantes...
El pan;Saborea;elpan.html;pan beneficios clases ingredientes ;Es un alimento básico de nuestra dieta desde hace siglos. Posee múltiples cualidades para la salud ...
Los implantes dentales;Aprendiendo;implantesdentales.html;implantes dentales beneficios clases coste ;Los implantes dentales cada vez son más conocidos y utilizados; la razón es porque funcionan muy bien y se ven estéticamente bien; posiblemente sean la mejor solución hoy en día para restaurar uno o varios dientes perdidos...
El arroz;Saborea;elarroz.html;arroz recetas beneficios clases coste alimento dieta ;El arroz constituye la base de la alimentación de más de la mitad de los habitantes del planeta. Originario de Asia; su cultivo se remonta a épocas muy lejanas y ha sido objeto; a través de los tiempos; de ritos y leyendas. A su significación como alimento básico hay que añadirle la variedad de maneras que su cocción y preparación permite...
Los fuegos artificiales;Me encanta;fuegosartificiales.html;fuegos artificiales historia luz entretenimiento castillos ;Lo que llamamos popularmente fuegos artíficiales son dispositivos pirotécnicos que tienen efectos visuales; sonoros y fumígenos con una finalidad lúdica y de espectáculo...
El amor que dejamos;Mi libreta;elamorquedejamos.html;amor inolvidable tristeza dolor ;Ese que traspasa el muro del tiempo.Ese que se desmenuza en nuestros días.Ese que amasa nuestras alegrías...
La miel;Saborea;lamiel.html;miel salud dulce beneficios alergia endulzar;La miel es una solución dulce y densa que fabrican las abejas como alimento para la escasez del invierno y mantener la temperatura de la colmena de manera óptima (de 17 a 34 grados)...
Rebobinando;Mis rincones;rebobinando.html;rebobinando vida mar agua ;Rebobinando esencias de espacios vírgenes...
La juventud;Desmigando;lajuventud.html;la juventud; vejez; película; Sorrentino; La Gran Belleza ;Paolo Sorrentino; director italiano de La Grande Belleza; vuelve con La Juventud. Donde se hace presente la nostalgia de la juventud; representada por dos viejos amigos; un famoso ex director de orquesta y compositor;...
El huevo;Saborea;elhuevo.html;El huevo; proteína; alimento; recetas;El huevo es un alimento altamente nutritivo que debe formar parte de la dieta habitual; excepto que bajo alguna condición de salud o prescripción médica haya sido excluido...
Sueños niños;Mi libreta;suenosninos.html;Sueños;niños; vida; alegria;Sueños niños con olor a bizcocho y pecas.
Sueños con briznas de hierba y columpios...
Estelas de mar;Mi libreta;estelasdemar.html;Estelas; mar ;existencia; cenizas; sueños;Estelas de mar;
esas que borran las penas; esas que mecen los sueños...
La nuez;Saborea;lanuez.html;Nuez; beneficios; polifenoles; nutrientes;La nuez es el fruto del nogal; de forma redondeada u ovoide; con una cáscara dura y rugosa de color pardo rojiza. La parte comestible de su interior tiene un sabor dulce particular...
Dentro de nosotros;Mi libreta;dentrodenosotros.html;dentro de nosotros amor inolvidable tristeza dolor ;Dentro de nosotros existen infinitos sin nombre...
El mejillón;Saborea;elmejillon.html;el mejillón propiedades Galicia historia recetas;El mejillón cultivado en Galicia se aprecia en todo el mundo. Varios factores explican tal reconocimiento. En primer lugar; debido a la gran tradición histórica documentada sobre su consumo: ya se enviaban partidas de mejillón gallego con destino a la corte de los Austrias (siglo XVIII)...
Añicos de estrella;Mi libreta;anicosdeestrella.html;anñicos de estrella mar olas;El cielo ha roto una estrella en mil añicos. 
Risueños han caído al mar...
Acurrucadas;Mi libreta;acurrucadas.html;acurrucadas hojas otoño esquinas paseantes;El viento las amontona en los rincones;
acurrucadas quedan en las esquinas del otoño...
El plátano;Saborea;elplatano.html;el plátano propiedades Canarias recetas vitaminas;El plátano es una fruta deliciosa; nutritiva y muy saciante; ideal para tomar en determinados momentos del día...
El jengibre;Saborea;eljengibre.html;El jengibre cocina cocina beneficios;El jengibre; que se utiliza en la medicina tradicional asiática desde hace 2.000 años; es una de las plantas medicinales con mayores beneficios para la salud; y un condimento muy utilizado en la gastronomía...
Saber que estás ahí;Mi libreta;saberquestasahi.html;saber que estás ahí vida apoyo;Saber que estás ahí.
Tan cerca de mis palabras. Tan próximo a mi inteligencia...
La zanahoria;Saborea;lazanahoria.html;La zanohoria recetas vitaminas cocina beneficios;La zanahoria crece en todas partes del mundo. Existen zanahorias de diferentes colores y tamaños. Una variedad de zanahoria en el Lejano Oriente crece hasta tres pies de largo...
El agua;Saborea;elagua.html;El agua necesidades vitaminas cocina beneficios;El agua es un elemento esencial para la vida y por eso es importante saber cómo funciona en nuestro organismo; qué mitos y verdades rodean al consumo de agua y qué hábitos es necesario adquirir para mantener nuestro organismo hidratado y saludable...
Los callos ;Saborea;loscallos.html;los callos necesidades vitaminas cocina beneficios;La receta de Callos es una de las recetas más tradicionales de nuestra gastronomía; una receta de esas que se dicen que son de toda la vida...
Sólo se quiere de verdad;Mi libreta;solosequieredeverdad.html;solo se quiere verdad vida amar ;Es la vida el viaje más mágico que podemos realizar; pero nos juega una mala pasada; sólo amamos de verdad lo que tememos perder...
El queso ;Saborea;elqueso.html;el queso variedades recetas  necesidades vitaminas cocina beneficios;Parece que el queso fue descubierto por pura casualidad hace miles de años y desde entonces es un alimento que ha acompañado al hombre durante todo su camino...
El ajo ;Saborea;elajo.html;el ajo necesidades vitaminas cocina beneficios;El ajo es un producto muy apreciado tanto por los profesionales de la sanidad como por los de la cocina debido a sus múltiples usos y beneficios...
La cebolla ;Saborea;lacebolla.html;la cebolla necesidades vitaminas cocina beneficios recetas ;La cebolla es una planta cuyo bulbo es comestible y posee grandes propiedades medicinales. Aunque muchos creen que tuvo su origen en la región central del continente asiático; otros afirman que es una planta nativa de Irán y el oeste de Pakistán...
La pizza ;Saborea;lapizza.html;la pizza necesidades vitaminas cocina beneficios recetas historia ;La pizza es un pan plano horneado; cuya base es elaborada con harina de trigo; sal; agua y levadura. Generalmente es cubierto por salsa de tomate u otros ingredientes como salami; champiñones; cebolla; jamón; aceitunas; entre otros...
Y si fuera cierto ;Desmigando;ysifueracierto.html;y si fuera cierto Antonia J. Corrales;La magia y la realidad son una en Y si fuera cierto. Ambas se hermanan y contagian a cualquier humano que de forma compulsiva; lea sus páginas. Estas no se pueden abandonar hasta llegar al punto final; que con pena y una paz inmensa embargan tu ser hasta formar parte de tu esencia.
Marta Aranda Roig ;Café con;cafeconmartaarandaroig.html;Marta Aranda Roig música piano;Marta Aranda Roig; pianista: La música me hace ser mejor persona; desarrolla mi lado más humano y espiritual.
